,Neural Network,Linear Regression,Ridge Regression,Lasso Regression,Gradient Boosting,Decision Tree
0,2.440115765467385,2.621761252731765,2.6219777716960935,2.811299246553795,2.4512204745845105,3.2859334832465565
